"predictor","n_trees","mean_coef","sd_coef","ci_lower","ci_upper","prop_p05","prop_p10","clade","epoch","n_states","states_used","model_type","sig_robust","sig_moderate"
"gcd",1020,0.453065735383122,0.248689325472528,-0.121991901229445,0.789126534214766,0.782352941176471,0.82843137254902,"1990.1","post",7,"Illinois|Iowa|Minnesota|Missouri|Oklahoma|Tennessee|Texas","multivariate",FALSE,TRUE
"human_migration",1020,0.222797656732334,0.167345916650002,-0.177504152664013,0.503446545656639,0.181372549019608,0.336274509803922,"1990.1","post",7,"Illinois|Iowa|Minnesota|Missouri|Oklahoma|Tennessee|Texas","multivariate",FALSE,FALSE
"human_pop_dest",1020,-0.0477062258244785,0.172802804833694,-0.312022838982914,0.385630039992388,0.00882352941176471,0.0343137254901961,"1990.1","post",7,"Illinois|Iowa|Minnesota|Missouri|Oklahoma|Tennessee|Texas","multivariate",FALSE,FALSE
"human_pop_orig",1020,-0.0958593470328693,0.199359418304499,-0.380041903534885,0.406981966851158,0.0431372549019608,0.105882352941176,"1990.1","post",7,"Illinois|Iowa|Minnesota|Missouri|Oklahoma|Tennessee|Texas","multivariate",FALSE,FALSE
"swine_pop_dest",1020,0.0334487152180306,0.104918374905605,-0.180423001698227,0.25083624761973,0.00392156862745098,0.00980392156862745,"1990.1","post",7,"Illinois|Iowa|Minnesota|Missouri|Oklahoma|Tennessee|Texas","multivariate",FALSE,FALSE
"swine_pop_orig",1020,0.0685073680991833,0.080584403735993,-0.100927998361572,0.229505922614249,0.0176470588235294,0.0362745098039216,"1990.1","post",7,"Illinois|Iowa|Minnesota|Missouri|Oklahoma|Tennessee|Texas","multivariate",FALSE,FALSE
"swine_shipment",1020,0.0596575984354383,0.084259978542344,-0.0952909308012308,0.211105847354999,0.000980392156862745,0.00686274509803922,"1990.1","post",7,"Illinois|Iowa|Minnesota|Missouri|Oklahoma|Tennessee|Texas","multivariate",FALSE,FALSE
"gcd",1020,0.429578578730432,0.0411205014371317,0.358060424555145,0.517793608601533,0.00392156862745098,0.173529411764706,"1990.4","pre",11,"Alabama|Arkansas|Illinois|Iowa|Minnesota|Nebraska|North_Carolina|Ohio|Oklahoma|Texas|Wisconsin","multivariate",FALSE,FALSE
"human_migration",1020,0.363243722794934,0.0353676515718719,0.298648130500455,0.437508071044919,0,0,"1990.4","pre",11,"Alabama|Arkansas|Illinois|Iowa|Minnesota|Nebraska|North_Carolina|Ohio|Oklahoma|Texas|Wisconsin","multivariate",FALSE,FALSE
"human_pop_dest",1020,0.0474407884575651,0.0588491026898405,-0.0621836938232895,0.166456392447075,0,0,"1990.4","pre",11,"Alabama|Arkansas|Illinois|Iowa|Minnesota|Nebraska|North_Carolina|Ohio|Oklahoma|Texas|Wisconsin","multivariate",FALSE,FALSE
"human_pop_orig",1020,0.0785193276174514,0.0607563989721328,-0.0353984855824003,0.199939275221488,0,0,"1990.4","pre",11,"Alabama|Arkansas|Illinois|Iowa|Minnesota|Nebraska|North_Carolina|Ohio|Oklahoma|Texas|Wisconsin","multivariate",FALSE,FALSE
"swine_pop_dest",1020,-1.41821295716166,0.0872811203035046,-1.59130588020954,-1.24246814756268,1,1,"1990.4","pre",11,"Alabama|Arkansas|Illinois|Iowa|Minnesota|Nebraska|North_Carolina|Ohio|Oklahoma|Texas|Wisconsin","multivariate",TRUE,TRUE
"swine_pop_orig",1020,-1.2704619245866,0.0863089537863893,-1.43697122951474,-1.09304792401222,1,1,"1990.4","pre",11,"Alabama|Arkansas|Illinois|Iowa|Minnesota|Nebraska|North_Carolina|Ohio|Oklahoma|Texas|Wisconsin","multivariate",TRUE,TRUE
"swine_shipment",1020,0.331915819235614,0.0323588051466113,0.277649899499694,0.402841594654426,0,0,"1990.4","pre",11,"Alabama|Arkansas|Illinois|Iowa|Minnesota|Nebraska|North_Carolina|Ohio|Oklahoma|Texas|Wisconsin","multivariate",FALSE,FALSE
"gcd",1020,1.64445413224236,0.124639994029905,1.27798229476266,1.870282426842,1,1,"1990.4","post",13,"Illinois|Indiana|Iowa|Kansas|Michigan|Minnesota|Missouri|Montana|Nebraska|North_Carolina|Oklahoma|Pennsylvania|South_Dakota","multivariate",TRUE,TRUE
"human_migration",1020,1.39992493975974,0.0945554599871104,1.09819634464003,1.50726466957366,0.995098039215686,1,"1990.4","post",13,"Illinois|Indiana|Iowa|Kansas|Michigan|Minnesota|Missouri|Montana|Nebraska|North_Carolina|Oklahoma|Pennsylvania|South_Dakota","multivariate",TRUE,TRUE
"human_pop_dest",1020,-1.88099347202451,0.0772887921726832,-2.02652108011735,-1.73299024094103,0.234313725490196,0.993137254901961,"1990.4","post",13,"Illinois|Indiana|Iowa|Kansas|Michigan|Minnesota|Missouri|Montana|Nebraska|North_Carolina|Oklahoma|Pennsylvania|South_Dakota","multivariate",FALSE,FALSE
"human_pop_orig",1020,-1.51833577436593,0.0770989941242521,-1.66971632727243,-1.37160853292911,0,0.585294117647059,"1990.4","post",13,"Illinois|Indiana|Iowa|Kansas|Michigan|Minnesota|Missouri|Montana|Nebraska|North_Carolina|Oklahoma|Pennsylvania|South_Dakota","multivariate",FALSE,FALSE
"swine_pop_dest",1020,-0.310959890514955,0.092421917609399,-0.551058685614025,-0.157923268544623,0,0,"1990.4","post",13,"Illinois|Indiana|Iowa|Kansas|Michigan|Minnesota|Missouri|Montana|Nebraska|North_Carolina|Oklahoma|Pennsylvania|South_Dakota","multivariate",FALSE,FALSE
"swine_pop_orig",1020,-0.675654546206902,0.0537127315902189,-0.780211046293986,-0.571741864839184,0,0,"1990.4","post",13,"Illinois|Indiana|Iowa|Kansas|Michigan|Minnesota|Missouri|Montana|Nebraska|North_Carolina|Oklahoma|Pennsylvania|South_Dakota","multivariate",FALSE,FALSE
"swine_shipment",1020,-1.33114280125373,0.151323781830574,-1.56394525979431,-0.85067142939494,0,0.232352941176471,"1990.4","post",13,"Illinois|Indiana|Iowa|Kansas|Michigan|Minnesota|Missouri|Montana|Nebraska|North_Carolina|Oklahoma|Pennsylvania|South_Dakota","multivariate",FALSE,FALSE
"gcd",1020,1.9634959264209,0.305352410639108,1.30373401695293,2.50256450738738,0.98921568627451,0.998039215686275,"1990.4.a","pre",4,"Missouri|Oklahoma|Texas|Wisconsin","multivariate",TRUE,TRUE
"human_migration",1020,1.49152323710034,0.197288827058025,1.13101303371834,1.91408118229124,0.042156862745098,0.990196078431373,"1990.4.a","pre",4,"Missouri|Oklahoma|Texas|Wisconsin","multivariate",FALSE,FALSE
"human_pop_dest",1020,-0.171214960805907,0.247393787366693,-0.730725669751609,0.227403112486616,0,0,"1990.4.a","pre",4,"Missouri|Oklahoma|Texas|Wisconsin","multivariate",FALSE,FALSE
"human_pop_orig",1020,-1.70071236013973,0.308552674994307,-2.37004506218245,-1.15429605841398,0.0656862745098039,0.537254901960784,"1990.4.a","pre",4,"Missouri|Oklahoma|Texas|Wisconsin","multivariate",FALSE,FALSE
"swine_pop_dest",1020,1.78116899294107,0.427685824305953,0.830839751145934,2.44084933783193,0.993137254901961,0.994117647058824,"1990.4.a","pre",4,"Missouri|Oklahoma|Texas|Wisconsin","multivariate",TRUE,TRUE
"swine_pop_orig",1020,2.60452466317045,0.432976901280506,1.63235585733521,3.3067803827689,0.925490196078431,0.991176470588235,"1990.4.a","pre",4,"Missouri|Oklahoma|Texas|Wisconsin","multivariate",FALSE,TRUE
"swine_shipment",1020,-2.37142695796561,0.199956238637428,-2.77976605086313,-2.00783333860332,1,1,"1990.4.a","pre",4,"Missouri|Oklahoma|Texas|Wisconsin","multivariate",TRUE,TRUE
"gcd",1020,0.317798671867824,0.0185746237728967,0.294152757423067,0.359745041424284,0.809803921568627,0.996078431372549,"1990.4.a","post",22,"Arkansas|California|Colorado|Illinois|Indiana|Iowa|Kansas|Kentucky|Maryland|Michigan|Minnesota|Missouri|Nebraska|North_Carolina|North_Dakota|Ohio|Oklahoma|Pennsylvania|South_Dakota|Texas|Virginia|Wyoming","multivariate",FALSE,TRUE
"human_migration",1020,0.302290822223782,0.0167949941651031,0.276482542832888,0.33430177667463,0.0137254901960784,0.852941176470588,"1990.4.a","post",22,"Arkansas|California|Colorado|Illinois|Indiana|Iowa|Kansas|Kentucky|Maryland|Michigan|Minnesota|Missouri|Nebraska|North_Carolina|North_Dakota|Ohio|Oklahoma|Pennsylvania|South_Dakota|Texas|Virginia|Wyoming","multivariate",FALSE,FALSE
"human_pop_dest",1020,-0.643997992561362,0.0510119225634955,-0.703973750462333,-0.582722834078206,0,0,"1990.4.a","post",22,"Arkansas|California|Colorado|Illinois|Indiana|Iowa|Kansas|Kentucky|Maryland|Michigan|Minnesota|Missouri|Nebraska|North_Carolina|North_Dakota|Ohio|Oklahoma|Pennsylvania|South_Dakota|Texas|Virginia|Wyoming","multivariate",FALSE,FALSE
"human_pop_orig",1020,-0.65651625323257,0.046164918194913,-0.712369836888791,-0.598717918499433,0,0,"1990.4.a","post",22,"Arkansas|California|Colorado|Illinois|Indiana|Iowa|Kansas|Kentucky|Maryland|Michigan|Minnesota|Missouri|Nebraska|North_Carolina|North_Dakota|Ohio|Oklahoma|Pennsylvania|South_Dakota|Texas|Virginia|Wyoming","multivariate",FALSE,FALSE
"swine_pop_dest",1020,0.293169038041377,0.0430737802453966,0.248240900013633,0.332202871603198,0,0.000980392156862745,"1990.4.a","post",22,"Arkansas|California|Colorado|Illinois|Indiana|Iowa|Kansas|Kentucky|Maryland|Michigan|Minnesota|Missouri|Nebraska|North_Carolina|North_Dakota|Ohio|Oklahoma|Pennsylvania|South_Dakota|Texas|Virginia|Wyoming","multivariate",FALSE,FALSE
"swine_pop_orig",1020,0.364624281020415,0.0345727859791459,0.32370142295307,0.402155982040419,0,0.000980392156862745,"1990.4.a","post",22,"Arkansas|California|Colorado|Illinois|Indiana|Iowa|Kansas|Kentucky|Maryland|Michigan|Minnesota|Missouri|Nebraska|North_Carolina|North_Dakota|Ohio|Oklahoma|Pennsylvania|South_Dakota|Texas|Virginia|Wyoming","multivariate",FALSE,FALSE
"swine_shipment",1020,0.0654873307058096,0.0409922995018026,0.0161567125937971,0.130267113142725,0,0,"1990.4.a","post",22,"Arkansas|California|Colorado|Illinois|Indiana|Iowa|Kansas|Kentucky|Maryland|Michigan|Minnesota|Missouri|Nebraska|North_Carolina|North_Dakota|Ohio|Oklahoma|Pennsylvania|South_Dakota|Texas|Virginia|Wyoming","multivariate",FALSE,FALSE
"gcd",1020,-0.388363757559287,0.0545859660327416,-0.481406519421441,-0.240905606603016,0,0,"1990.4.b1","post",11,"Arkansas|Illinois|Indiana|Iowa|Kansas|Kentucky|Minnesota|North_Carolina|Ohio|Oklahoma|South_Dakota","multivariate",FALSE,FALSE
"human_migration",1020,-0.558594036622119,0.0530844302094493,-0.673068732711012,-0.461914068261428,0.00294117647058824,0.0166666666666667,"1990.4.b1","post",11,"Arkansas|Illinois|Indiana|Iowa|Kansas|Kentucky|Minnesota|North_Carolina|Ohio|Oklahoma|South_Dakota","multivariate",FALSE,FALSE
"human_pop_dest",1020,-0.172261041756913,0.0976308355670436,-0.259746626906968,0.106461530396761,0,0,"1990.4.b1","post",11,"Arkansas|Illinois|Indiana|Iowa|Kansas|Kentucky|Minnesota|North_Carolina|Ohio|Oklahoma|South_Dakota","multivariate",FALSE,FALSE
"human_pop_orig",1020,0.163652233896119,0.0462273571848998,0.0994249277577525,0.237258119219833,0,0,"1990.4.b1","post",11,"Arkansas|Illinois|Indiana|Iowa|Kansas|Kentucky|Minnesota|North_Carolina|Ohio|Oklahoma|South_Dakota","multivariate",FALSE,FALSE
"swine_pop_dest",1020,2.0123579973202,0.180535068136419,1.30278980551295,2.20087226934558,0,0.733333333333333,"1990.4.b1","post",11,"Arkansas|Illinois|Indiana|Iowa|Kansas|Kentucky|Minnesota|North_Carolina|Ohio|Oklahoma|South_Dakota","multivariate",FALSE,FALSE
"swine_pop_orig",1020,0.857094895829187,0.0563952562210322,0.75720780821943,0.990057302076039,0,0,"1990.4.b1","post",11,"Arkansas|Illinois|Indiana|Iowa|Kansas|Kentucky|Minnesota|North_Carolina|Ohio|Oklahoma|South_Dakota","multivariate",FALSE,FALSE
"swine_shipment",1020,-1.48495219806344,0.250923564755714,-1.63841773490651,-0.515001154936592,0,0,"1990.4.b1","post",11,"Arkansas|Illinois|Indiana|Iowa|Kansas|Kentucky|Minnesota|North_Carolina|Ohio|Oklahoma|South_Dakota","multivariate",FALSE,FALSE
"gcd",1020,0.417483958656044,0.0690593662131599,0.292826887067381,0.553690923943112,0,0.00294117647058824,"1990.4.b2","post",7,"Illinois|Indiana|Iowa|Michigan|Minnesota|Nebraska|North_Carolina","multivariate",FALSE,FALSE
"human_migration",1020,0.300568546132427,0.0825276775786246,0.143011585174595,0.460953896114173,0,0.000980392156862745,"1990.4.b2","post",7,"Illinois|Indiana|Iowa|Michigan|Minnesota|Nebraska|North_Carolina","multivariate",FALSE,FALSE
"human_pop_dest",1020,-0.980565100267597,0.0588300844172173,-1.07600180869188,-0.878630875959333,0.000980392156862745,0.903921568627451,"1990.4.b2","post",7,"Illinois|Indiana|Iowa|Michigan|Minnesota|Nebraska|North_Carolina","multivariate",FALSE,FALSE
"human_pop_orig",1020,-0.774021836665762,0.0454105204394245,-0.841804347263026,-0.707554209596939,0.452941176470588,0.995098039215686,"1990.4.b2","post",7,"Illinois|Indiana|Iowa|Michigan|Minnesota|Nebraska|North_Carolina","multivariate",FALSE,FALSE
"swine_pop_dest",1020,0.375431043899388,0.0976679574240028,0.221161231911811,0.533943884426568,0,0,"1990.4.b2","post",7,"Illinois|Indiana|Iowa|Michigan|Minnesota|Nebraska|North_Carolina","multivariate",FALSE,FALSE
"swine_pop_orig",1020,-0.264565637978634,0.0593416779414466,-0.341112410967114,-0.186555582110249,0,0.000980392156862745,"1990.4.b2","post",7,"Illinois|Indiana|Iowa|Michigan|Minnesota|Nebraska|North_Carolina","multivariate",FALSE,FALSE
"swine_shipment",1020,-1.11869013629635,0.0905088958540528,-1.28495015258833,-0.942348095378155,0.953921568627451,0.993137254901961,"1990.4.b2","post",7,"Illinois|Indiana|Iowa|Michigan|Minnesota|Nebraska|North_Carolina","multivariate",TRUE,TRUE
"NA",1020,NA,NA,NA,NA,NA,NA,"1990.4.c","post",3,"Illinois|Indiana|Michigan","multivariate",NA,NA
"NA.1",1020,NA,NA,NA,NA,NA,NA,"1990.4.c","post",3,"Illinois|Indiana|Michigan","multivariate",NA,NA
"gcd",1020,-1.21112149224491,0.221200683499899,-1.66287794736503,-0.811074709147754,0,0,"1990.4.c","post",3,"Illinois|Indiana|Michigan","multivariate",FALSE,FALSE
"human_migration",1020,-0.0526985834135761,0.00962493254822183,-0.0723555091515859,-0.0352916602408211,0,0,"1990.4.c","post",3,"Illinois|Indiana|Michigan","multivariate",FALSE,FALSE
"human_pop_dest",1020,1.25001926385697,0.284585202875125,0.725958444860045,1.80567315700601,0,0,"1990.4.c","post",3,"Illinois|Indiana|Michigan","multivariate",FALSE,FALSE
"human_pop_orig",1020,1.30945553638741,0.294071767328234,0.764021170940642,1.88684941429714,0,0,"1990.4.c","post",3,"Illinois|Indiana|Michigan","multivariate",FALSE,FALSE
"swine_pop_orig",1020,-0.345015973331589,0.0630141316193386,-0.473709249827898,-0.231053393084912,0,0,"1990.4.c","post",3,"Illinois|Indiana|Michigan","multivariate",FALSE,FALSE
"gcd",1020,-0.399941332447504,0.0816289720423231,-0.519661720721485,-0.26087198074212,0,0.00294117647058824,"1990.4.d","post",6,"Illinois|Indiana|Iowa|Kansas|Missouri|South_Dakota","multivariate",FALSE,FALSE
"human_migration",1020,-0.479003845875909,0.130106938624595,-0.635162103969447,-0.194358037534102,0.0137254901960784,0.0745098039215686,"1990.4.d","post",6,"Illinois|Indiana|Iowa|Kansas|Missouri|South_Dakota","multivariate",FALSE,FALSE
"human_pop_dest",1020,-0.654222498617788,0.0977652666074197,-0.960072917511641,-0.556878857913561,0.868627450980392,0.963725490196078,"1990.4.d","post",6,"Illinois|Indiana|Iowa|Kansas|Missouri|South_Dakota","multivariate",FALSE,TRUE
"human_pop_orig",1020,-0.75228263767139,0.11715983174026,-0.825404847064088,-0.666221620085071,0.966666666666667,0.974509803921569,"1990.4.d","post",6,"Illinois|Indiana|Iowa|Kansas|Missouri|South_Dakota","multivariate",TRUE,TRUE
"swine_pop_dest",1020,-0.352886065984933,0.196967182370758,-0.552439660928363,-0.11581709077851,0.00784313725490196,0.00882352941176471,"1990.4.d","post",6,"Illinois|Indiana|Iowa|Kansas|Missouri|South_Dakota","multivariate",FALSE,FALSE
"swine_pop_orig",1020,-0.401349413371662,0.112875081786604,-0.750421140602289,-0.29500441568201,0.415686274509804,0.864705882352941,"1990.4.d","post",6,"Illinois|Indiana|Iowa|Kansas|Missouri|South_Dakota","multivariate",FALSE,FALSE
"swine_shipment",1020,-0.0291088442502865,0.2822321757656,-0.529088248230279,0.309715401412805,0.000980392156862745,0.00784313725490196,"1990.4.d","post",6,"Illinois|Indiana|Iowa|Kansas|Missouri|South_Dakota","multivariate",FALSE,FALSE
"NA",1020,NA,NA,NA,NA,NA,NA,"1990.4.e","post",3,"Illinois|Iowa|Minnesota","multivariate",NA,NA
"NA.1",1020,NA,NA,NA,NA,NA,NA,"1990.4.e","post",3,"Illinois|Iowa|Minnesota","multivariate",NA,NA
"gcd",1020,1.38404787068432,0.353287259342286,0.87691041620462,1.8843316658329,0,0,"1990.4.e","post",3,"Illinois|Iowa|Minnesota","multivariate",FALSE,FALSE
"human_migration",1020,0.00162172529330136,0.000413955973931126,0.00102749899914943,0.0022079209745463,0,0,"1990.4.e","post",3,"Illinois|Iowa|Minnesota","multivariate",FALSE,FALSE
"human_pop_dest",1020,-0.918406227310804,0.425397587695219,-1.36049800262269,-0.504645224007738,0,0,"1990.4.e","post",3,"Illinois|Iowa|Minnesota","multivariate",FALSE,FALSE
"human_pop_orig",1020,0.804180740420433,0.127252682177932,0.567055911267379,1.037558435585,0,0,"1990.4.e","post",3,"Illinois|Iowa|Minnesota","multivariate",FALSE,FALSE
"swine_pop_orig",1020,1.58028920300505,0.403379141230006,1.00124576041264,2.15150721985066,0,0,"1990.4.e","post",3,"Illinois|Iowa|Minnesota","multivariate",FALSE,FALSE
"gcd",1020,-0.323463126805603,0.0517322417472685,-0.430025863320173,-0.226341178097494,0.985294117647059,0.998039215686275,"1990.4.f","post",6,"Illinois|Iowa|Kansas|Minnesota|Nebraska|Texas","multivariate",TRUE,TRUE
"human_migration",1020,-0.403925345321166,0.0527002294435199,-0.523691573192338,-0.315487596382847,1,1,"1990.4.f","post",6,"Illinois|Iowa|Kansas|Minnesota|Nebraska|Texas","multivariate",TRUE,TRUE
"human_pop_dest",1020,0.60347357935188,0.0784473885260867,0.45174789192113,0.76064737853379,0.996078431372549,0.997058823529412,"1990.4.f","post",6,"Illinois|Iowa|Kansas|Minnesota|Nebraska|Texas","multivariate",TRUE,TRUE
"human_pop_orig",1020,0.501033213690078,0.0858912491692697,0.328403764524045,0.676387645017085,0.946078431372549,0.995098039215686,"1990.4.f","post",6,"Illinois|Iowa|Kansas|Minnesota|Nebraska|Texas","multivariate",FALSE,TRUE
"swine_pop_dest",1020,0.307698456135671,0.0255158265562003,0.259944053104862,0.356137776991695,0.0813725490196078,0.56078431372549,"1990.4.f","post",6,"Illinois|Iowa|Kansas|Minnesota|Nebraska|Texas","multivariate",FALSE,FALSE
"swine_pop_orig",1020,0.112121609902554,0.0326621286526784,0.0464848592934247,0.172192495078244,0,0,"1990.4.f","post",6,"Illinois|Iowa|Kansas|Minnesota|Nebraska|Texas","multivariate",FALSE,FALSE
"swine_shipment",1020,-0.204053961541263,0.0448982134058326,-0.297849721443566,-0.11757410558246,0.47156862745098,0.867647058823529,"1990.4.f","post",6,"Illinois|Iowa|Kansas|Minnesota|Nebraska|Texas","multivariate",FALSE,FALSE
"gcd",1020,-0.64644406667924,0.768916582798051,-1.15093716249524,2.08583328232711,0.997058823529412,0.998039215686275,"1990.4.i","post",4,"Iowa|Minnesota|Nebraska|South_Dakota","multivariate",TRUE,TRUE
"human_migration",1020,-0.566078158608601,0.583133366989658,-0.762260806807506,0.373042608784687,0.997058823529412,0.999019607843137,"1990.4.i","post",4,"Iowa|Minnesota|Nebraska|South_Dakota","multivariate",TRUE,TRUE
"human_pop_dest",1020,0.238402668492549,0.663952782362039,-0.202838544392927,1.67060219081813,0.517647058823529,0.563725490196078,"1990.4.i","post",4,"Iowa|Minnesota|Nebraska|South_Dakota","multivariate",FALSE,TRUE
"human_pop_orig",1020,0.241315755196986,0.612698566096789,-0.172584857098911,1.70500598225711,0.122549019607843,0.133333333333333,"1990.4.i","post",4,"Iowa|Minnesota|Nebraska|South_Dakota","multivariate",FALSE,FALSE
"swine_pop_dest",1020,0.977494854988384,1.22140501407628,-2.31287747823117,2.02670429001391,0.953921568627451,0.964705882352941,"1990.4.i","post",4,"Iowa|Minnesota|Nebraska|South_Dakota","multivariate",TRUE,TRUE
"swine_pop_orig",1020,0.0465950080785081,0.483499832706093,-1.09622398794623,0.870121885515202,0.12156862745098,0.150980392156863,"1990.4.i","post",4,"Iowa|Minnesota|Nebraska|South_Dakota","multivariate",FALSE,FALSE
"swine_shipment",1020,-0.868913815154563,1.00619553125231,-1.67384813457554,2.56243796931829,0.950980392156863,0.96078431372549,"1990.4.i","post",4,"Iowa|Minnesota|Nebraska|South_Dakota","multivariate",TRUE,TRUE
"gcd",1020,0.026770872122254,0.0526456160068395,-0.073390206908367,0.107445112747711,0,0,"2010.1","post",24,"Arkansas|California|Colorado|Georgia|Illinois|Indiana|Iowa|Kansas|Kentucky|Maryland|Michigan|Minnesota|Missouri|Montana|Nebraska|North_Carolina|Ohio|Oklahoma|Pennsylvania|South_Dakota|Texas|Utah|Virginia|Wisconsin","multivariate",FALSE,FALSE
"human_migration",1020,0.00778923119569955,0.0478401431445961,-0.091349244829983,0.0884779128920444,0,0,"2010.1","post",24,"Arkansas|California|Colorado|Georgia|Illinois|Indiana|Iowa|Kansas|Kentucky|Maryland|Michigan|Minnesota|Missouri|Montana|Nebraska|North_Carolina|Ohio|Oklahoma|Pennsylvania|South_Dakota|Texas|Utah|Virginia|Wisconsin","multivariate",FALSE,FALSE
"human_pop_dest",1020,0.323767176328435,0.0391382121193212,0.2478594722082,0.401165850190856,0,0,"2010.1","post",24,"Arkansas|California|Colorado|Georgia|Illinois|Indiana|Iowa|Kansas|Kentucky|Maryland|Michigan|Minnesota|Missouri|Montana|Nebraska|North_Carolina|Ohio|Oklahoma|Pennsylvania|South_Dakota|Texas|Utah|Virginia|Wisconsin","multivariate",FALSE,FALSE
"human_pop_orig",1020,0.159194408282561,0.0519102498572821,0.0744751773773453,0.268336803548768,0,0,"2010.1","post",24,"Arkansas|California|Colorado|Georgia|Illinois|Indiana|Iowa|Kansas|Kentucky|Maryland|Michigan|Minnesota|Missouri|Montana|Nebraska|North_Carolina|Ohio|Oklahoma|Pennsylvania|South_Dakota|Texas|Utah|Virginia|Wisconsin","multivariate",FALSE,FALSE
"swine_pop_dest",1020,1.37809116637192,0.082412438495098,1.1989237529811,1.4991134721957,0.999019607843137,0.999019607843137,"2010.1","post",24,"Arkansas|California|Colorado|Georgia|Illinois|Indiana|Iowa|Kansas|Kentucky|Maryland|Michigan|Minnesota|Missouri|Montana|Nebraska|North_Carolina|Ohio|Oklahoma|Pennsylvania|South_Dakota|Texas|Utah|Virginia|Wisconsin","multivariate",TRUE,TRUE
"swine_pop_orig",1020,1.14193282701525,0.059523567065525,1.01146845994665,1.2378931031319,0.998039215686275,0.999019607843137,"2010.1","post",24,"Arkansas|California|Colorado|Georgia|Illinois|Indiana|Iowa|Kansas|Kentucky|Maryland|Michigan|Minnesota|Missouri|Montana|Nebraska|North_Carolina|Ohio|Oklahoma|Pennsylvania|South_Dakota|Texas|Utah|Virginia|Wisconsin","multivariate",TRUE,TRUE
"swine_shipment",1020,-0.771248966733487,0.102056334755167,-0.902176136440616,-0.542148080260685,0.983333333333333,0.998039215686275,"2010.1","post",24,"Arkansas|California|Colorado|Georgia|Illinois|Indiana|Iowa|Kansas|Kentucky|Maryland|Michigan|Minnesota|Missouri|Montana|Nebraska|North_Carolina|Ohio|Oklahoma|Pennsylvania|South_Dakota|Texas|Utah|Virginia|Wisconsin","multivariate",TRUE,TRUE
"gcd",1020,0.157192761593915,0.0413951399373743,0.0872117669658549,0.242835783858201,0,0,"2010.2","post",13,"Arkansas|Colorado|Illinois|Indiana|Iowa|Michigan|Minnesota|Missouri|North_Carolina|Ohio|Oklahoma|Pennsylvania|Virginia","multivariate",FALSE,FALSE
"human_migration",1020,-0.433187732446831,0.0422922046106736,-0.511784837760186,-0.347183521952237,0,0,"2010.2","post",13,"Arkansas|Colorado|Illinois|Indiana|Iowa|Michigan|Minnesota|Missouri|North_Carolina|Ohio|Oklahoma|Pennsylvania|Virginia","multivariate",FALSE,FALSE
"human_pop_dest",1020,0.716820178577981,0.0677024192428208,0.594445257956152,0.863150218423452,0.0166666666666667,0.873529411764706,"2010.2","post",13,"Arkansas|Colorado|Illinois|Indiana|Iowa|Michigan|Minnesota|Missouri|North_Carolina|Ohio|Oklahoma|Pennsylvania|Virginia","multivariate",FALSE,FALSE
"human_pop_orig",1020,0.404511287809512,0.0569717702452083,0.306979124071306,0.528033727725357,0,0,"2010.2","post",13,"Arkansas|Colorado|Illinois|Indiana|Iowa|Michigan|Minnesota|Missouri|North_Carolina|Ohio|Oklahoma|Pennsylvania|Virginia","multivariate",FALSE,FALSE
"swine_pop_dest",1020,-1.07879085981675,0.149016524292259,-1.36967475637262,-0.797880347781276,0.00392156862745098,0.880392156862745,"2010.2","post",13,"Arkansas|Colorado|Illinois|Indiana|Iowa|Michigan|Minnesota|Missouri|North_Carolina|Ohio|Oklahoma|Pennsylvania|Virginia","multivariate",FALSE,FALSE
"swine_pop_orig",1020,-0.254617331465382,0.0991999466570651,-0.457609324992969,-0.0787041865492701,0,0,"2010.2","post",13,"Arkansas|Colorado|Illinois|Indiana|Iowa|Michigan|Minnesota|Missouri|North_Carolina|Ohio|Oklahoma|Pennsylvania|Virginia","multivariate",FALSE,FALSE
"swine_shipment",1020,1.30696670633422,0.0890755106342155,1.14123379091607,1.4829098404486,0.0872549019607843,0.981372549019608,"2010.2","post",13,"Arkansas|Colorado|Illinois|Indiana|Iowa|Michigan|Minnesota|Missouri|North_Carolina|Ohio|Oklahoma|Pennsylvania|Virginia","multivariate",FALSE,FALSE
